{"cameraMode":{"drawMode":0,"name":"Shaded","section":"Shading Mode"},"sceneLighting":false,"audioPlay":false,"sceneViewState":{"m_AlwaysRefresh":false,"showFog":true,"showSkybox":true,"showFlares":true,"showImageEffects":true,"showParticleSystems":true,"showVisualEffectGraphs":true,"m_FxEnabled":true},"in2DMode":false,"pivot":{"x":-17.30171775817871,"y":1.9284415245056153,"z":22.5712833404541},"rotation":{"x":0.0019277195679023862,"y":0.38795480132102969,"z":0.0008049919852055609,"w":-0.9217163920402527},"size":16.912322998046876,"orthographic":false}